{"#residue":{"0":"CYS","1":"LEU","2":"GLU","3":"TYR","4":"GLY","5":"ALA","6":"ARG","7":"IIE","8":"IIE","9":"ALA","10":"GLY","11":"LEU","12":"CYS","13":"THR","14":"VAL","15":"TYR","16":"GLY","17":"GLY","18":"CYS","19":"LYS","20":"ARG","21":"ASN","22":"ASN","23":"SER","24":"ALA","25":"MET","26":"ARG","27":"THR","28":"CYS","29":"GLY"},"resnum":{"0":5,"1":6,"2":7,"3":10,"4":12,"5":16,"6":17,"7":18,"8":19,"9":25,"10":28,"11":29,"12":30,"13":32,"14":34,"15":35,"16":36,"17":37,"18":38,"19":41,"20":42,"21":43,"22":44,"23":47,"24":48,"25":52,"26":53,"27":54,"28":55,"29":56},"ln PF":{"0":8.52877518,"1":7.43504727,"2":8.229439,"3":5.756463,"4":3.840712,"5":6.963017,"6":1.752267,"7":12.37639,"8":2.256533,"9":3.04632,"10":7.676819,"11":10.85899,"12":3.677228,"13":5.701201,"14":3.734793,"15":11.23431,"16":9.574149,"17":11.43924,"18":4.503856,"19":6.988346,"20":2.141404,"21":5.125554,"22":14.02274,"23":4.503856,"24":2.403899,"25":11.02938,"26":9.825131,"27":7.962339,"28":12.1139,"29":8.008391}}