{"#residue":{"0":"GLN","1":"ILE","2":"PHE","3":"VAL","4":"LYS","5":"THR","6":"LEU","7":"THR","8":"GLY","9":"LYS","10":"THR","11":"ILE","12":"THR","13":"LEU","14":"GLU","15":"VAL","16":"GLU","17":"SER","18":"ASP","19":"THR","20":"ILE","21":"GLU","22":"ASN","23":"VAL","24":"LYS","25":"ALA","26":"LYS","27":"ILE","28":"GLN","29":"ASP","30":"LYS","31":"GLU","32":"GLY","33":"ILE","34":"ASP","35":"GLN","36":"GLN","37":"ARG","38":"LEU","39":"ILE","40":"PHE","41":"ALA","42":"GLY","43":"LYS","44":"GLN","45":"LEU","46":"GLU","47":"ASP","48":"GLY","49":"ARG","50":"THR","51":"LEU","52":"SER","53":"ASP","54":"TYR","55":"ASN","56":"ILE","57":"GLN","58":"LYS","59":"GLU","60":"SER","61":"THR","62":"LEU","63":"HIS","64":"LEU","65":"VAL","66":"LEU","67":"ARG","68":"LEU","69":"ARG","70":"GLY","71":"GLY"},"resnum":{"0":2,"1":3,"2":4,"3":5,"4":6,"5":7,"6":8,"7":9,"8":10,"9":11,"10":12,"11":13,"12":14,"13":15,"14":16,"15":17,"16":18,"17":20,"18":21,"19":22,"20":23,"21":24,"22":25,"23":26,"24":27,"25":28,"26":29,"27":30,"28":31,"29":32,"30":33,"31":34,"32":35,"33":36,"34":39,"35":40,"36":41,"37":42,"38":43,"39":44,"40":45,"41":46,"42":47,"43":48,"44":49,"45":50,"46":51,"47":52,"48":53,"49":54,"50":55,"51":56,"52":57,"53":58,"54":59,"55":60,"56":61,"57":62,"58":63,"59":64,"60":65,"61":66,"62":67,"63":68,"64":69,"65":70,"66":71,"67":72,"68":73,"69":74,"70":75,"71":76},"ln PF":{"0":6.210072,"1":13.7372227,"2":13.4839383,"3":13.1523661,"4":10.6909026,"5":10.4629467,"6":0.67005226,"7":0.0,"8":3.93511792,"9":5.21075007,"10":3.2443424,"11":11.0570136,"12":2.53514619,"13":11.5336487,"14":5.14167251,"15":12.2405424,"16":7.97845735,"17":3.82459384,"18":12.9796722,"19":7.73438333,"20":11.2135894,"21":5.00581999,"22":10.5550501,"23":14.6214153,"24":14.8539764,"25":11.4806893,"26":13.4517021,"27":14.2483966,"28":7.7689221,"29":5.6229128,"30":4.56602624,"31":6.21467717,"32":6.26763662,"33":6.981438,"34":1.64174317,"35":6.45875119,"36":8.26167531,"37":9.13435506,"38":6.56927527,"39":12.6573103,"40":6.49328996,"41":0.0,"42":4.1699816,"43":7.86102551,"44":3.80617316,"45":8.45969763,"46":5.41798272,"47":2.73316851,"48":3.31802512,"49":9.9932193,"50":11.3494419,"51":13.0211187,"52":6.68440452,"53":6.84098031,"54":10.9580025,"55":5.11404149,"56":8.54949845,"57":8.27088565,"58":3.09927954,"59":6.37125295,"60":7.52484808,"61":6.1939539,"62":7.75740918,"63":8.49884158,"64":7.95773408,"65":9.09981629,"66":3.0278994,"67":2.5788953,"68":0.0,"69":0.0,"70":0.0,"71":0.0}}